{
  "input_file": "epoched_data/p300_group_epochs_tradml_flat.npz",
  "model_output": "models_svm/svm_group_calibration.joblib",
  "kernel": "linear",
  "C": 1.0,
  "gamma": "scale",
  "requested_cv_folds": 5,
  "n_samples": 558,
  "n_features": 800,
  "class_counts": {
    "target_1": 92,
    "non_target_0": 466
  },
  "standardisation": "participant-wise standardisation was already applied during epoch extraction",
  "cross_validation": {
    "used": true,
    "scoring": "balanced_accuracy",
    "cv_folds_used": 5,
    "scores": [
      0.7565011820330969,
      0.8259762308998302,
      0.8098471986417657,
      0.818100358422939,
      0.7508960573476703
    ],
    "mean": 0.7922642054690604,
    "std": 0.03194835404613837
  },
  "training_set": {
    "confusion_matrix": [
      [
        465,
        1
      ],
      [
        0,
        92
      ]
    ],
    "classification_report": {
      "0": {
        "precision": 1.0,
        "recall": 0.9978540772532188,
        "f1-score": 0.9989258861439313,
        "support": 466
      },
      "1": {
        "precision": 0.989247311827957,
        "recall": 1.0,
        "f1-score": 0.9945945945945946,
        "support": 92
      },
      "accuracy": 0.9982078853046595,
      "macro avg": {
        "precision": 0.9946236559139785,
        "recall": 0.9989270386266094,
        "f1-score": 0.996760240369263,
        "support": 558
      },
      "weighted avg": {
        "precision": 0.9982271553551471,
        "recall": 0.9982078853046595,
        "f1-score": 0.9982117663902772,
        "support": 558
      }
    }
  }
}